ISS,Name,F10,R10,D10,F11,R11,D11,F12,R12,D12,F13,R13,D13,F14,R14,D14,F15,R15,D15,F16,R16,D16,F17,R17,D17,F18,R18,D18,F19,R19,D19,F20,R20,D20,F21,R21,D21,F10Rank,R10Rank,D10Rank,F11Rank,R11Rank,D11Rank,F12Rank,R12Rank,D12Rank,F13Rank,R13Rank,D13Rank,F14Rank,R14Rank,D14Rank,F15Rank,R15Rank,D15Rank,F16Rank,R16Rank,D16Rank,F17Rank,R17Rank,D17Rank,F18Rank,R18Rank,D18Rank,F19Rank,R19Rank,D19Rank,F20Rank,R20Rank,D20Rank,F21Rank,R21Rank,D21Rank,Y2010,Y2011,Y2012,Y2013,Y2014,Y2015,Y2016,Y2017,Y2018,Y2019,Y2020,Y2021,AVG,AVGBragg,AVGCampbell,AVGEustis,AVGHood,Impact,Command,stdevs,Description
ISS401,ISS 401: Fire and Emergency Response Service,9332076,11076649,-1744573,12004821,13516490,-1511669,11796096,10492321,1303775,9251279,11388875,-2137596,10266131,7433694,2832437,9922503,7805842,2116661,9923763,14249300,-4325537,10838033,13587955,-2749922,10494750,12412829,-1918079,10072930,11175348,-1102418,9241523,14000286,-4758763,7338539,14805450,-7466911,55,34,17,28,18,27,26,36,41,47,32,16,29,59,54,34,53,53,36,7,14,34,16,16,34,20,21,43,31,21,39,7,11,61,3,1,-0.157500071,-0.111838872,0.124259923,-0.187691585,0.381026849,0.2711637,-0.303561368,-0.202379387,-0.15452392,-0.098647308,-0.339904699,-0.504335295,8.36,8.74,8,8.75,8.28,High Impact,IMCOM,1.916613771,"(i.e. Provides the Garrison CDR with a fire department that is on call 24/7 for the installation) Supports all Incident Command System requirements for emergency response to safely mitigate structural, aircraft, hazardous materials, CBRNE, technical rescue, wild land, natural/manmade disasters and other miscellaneous incidents. This program provides 24 hour/365 day capability for the Installations Emergency Control Center (ECC) or 911 Dispatch Services under the Directorate of Emergency Services (DES). Supports all program compliance requirements to include emergency response to safely mitigate aircraft incidents (Rotary or Fixed Wing)."
ISS111,ISS 111: Internal Review,12376193,12846602,-470409,10826995,6310790,4516205,12504504,6362688,6141816,12558778,10395802,2162976,10641442,6015134,4626308,9186704,11843078,-2656374,12499602,14853590,-2353988,7062334,8591338,-1529004,7762349,11903985,-4141636,12245813,8631586,3614227,9393597,13100177,-3706580,6657073,13633489,-6976416,37,19,25,39,71,62,19,67,69,21,40,56,28,71,61,42,24,24,16,2,27,65,48,24,56,25,11,29,46,58,38,20,16,67,18,2,-0.036617387,0.715632274,0.96528637,0.208062447,0.769111378,-0.224297602,-0.158479398,-0.177970416,-0.347920129,0.418721079,-0.282941215,-0.511711712,5.01,5.09,4.45,5.08,5.16,Low Impact,IMCOM,2.040176642,"(i.e. Provides the Garrison CDR and staff with the tools necessary to conduct and manage necessary audits).  Conduct audits of a critical nature to the command with short response times. This includes the review of audit readiness documents before they are uploaded into the Army Audit Depository. Work should be documented using audit standards including work paper preparation, reports and recommendations.  Conducts audits that provide an independent, objective assessment to the command. This includes audit readiness sustainment audits.  Manage audits, surveys, and reviews performed by external agencies as required by law, directed by regulation or by the Commander."
ISS106,ISS 106: Religious Support,19737408,14351619,5385789,13111894,14504752,-1392858,6742755,8463724,-1720969,7976548,8797147,-820599,6311984,9151147,-2839163,9747706,6163162,3584544,13951883,7429999,6521884,10941112,7829606,3111506,9239422,9209913,29509,14300757,13116157,1184600,11391273,8618534,2772739,7500467,14262220,-6761753,2,8,54,19,6,30,67,52,28,63,50,27,67,46,23,36,70,60,8,59,69,33,54,55,46,46,31,9,10,39,17,56,62,57,7,3,0.375273967,-0.096027702,-0.203334726,-0.093280128,-0.310252147,0.581607947,0.877777238,0.397402628,0.003204048,0.090316089,0.321718172,-0.474102419,4.91,5.35,4.52,5.5,4.77,Low Impact,IMCOM,2.449460669,"(i.e. Provides Soldiers with a chaplain and staff to conduct various religious services on the installation). Advise the Commander and staff on matters of religion, morals and morale.  This program provides complete worship experiences comparable to the civilian community, integrated within the military community to meet the needs of the authorized population for the free exercise of religion.  This program provides for comprehensive, lifelong religious education/faith formation programs and processes that complement worship experiences, include all ages, respond to diverse life situations, and facilitate the spiritual resilience of the Army community. This includes weekday, as well as weekend, activities.  "
ISS408,"ISS 408: Snow, Ice, and Sand Removal",10759854,9913826,846028,10161170,6486191,3674979,12708316,12535283,173033,14499688,13168417,1331271,11998860,8344718,3654142,12510673,11783238,727435,11651128,7543569,4107559,9162538,11862440,-2699902,11113087,9423890,1689197,12429979,7321250,5108729,9163014,12703982,-3540968,7463184,14069371,-6606187,46,44,29,45,69,60,17,20,37,3,14,51,21,52,59,14,25,41,23,58,66,49,30,17,29,44,50,25,61,65,40,24,17,58,10,4,0.085338193,0.566585073,0.013803677,0.101095751,0.4378988,0.061734729,0.544511358,-0.227600898,0.179246256,0.697794639,-0.278728984,-0.469543877,4.81,4,7,4.5,4.34,Low Impact,IMCOM,2.578520502,"(i.e. Provides the snow and ice removal services on the installation) Clear snow, sleet, ice and sand from primary roads, and sidewalks parking lots for critical building access, and ports. This program provides for the clearing of snow, sleet, ice, and sand from airfields pavements. This program provides for the clearing of snow, sleet, ice, and sand from railroads. Provides for the clearing of snow, sleet, ice, and sand from secondary paved surfaces (Secondary Roads, Service Roads, Parking Lots and other Sidewalks)."
ISS254,ISS 254: Business Operations,10645127,9326229,1318898,11556976,10739909,817067,7946089,10270380,-2324291,9495956,13548732,-4052776,7815801,10729923,-2914122,11076644,14814729,-3738085,12651239,9133659,3517580,13393406,6589173,6804233,10712169,12709520,-1997351,6499987,11655362,-5155375,11678053,14732453,-3054400,7451752,13836907,-6385155,49,48,31,34,44,48,55,37,23,44,11,8,56,34,21,23,3,15,14,51,61,12,62,67,32,16,19,68,27,5,15,2,28,59,14,5,0.141418144,0.076077646,-0.226310127,-0.299125852,-0.271588342,-0.252322199,0.385122764,1.03263839,-0.157153929,-0.442317879,-0.207324605,-0.461458258,4.2,5.26,4.22,4.5,3.74,Low Impact,IMCOM,2.176842029,"(i.e. Provides all the restaurant, bowling alley, golf courses, and other forms of entertainment services on post). Ensures Soldiers and Families have an opportunity to participate in bowling programs and centers offering open and league bowling and services such as bowling instruction, retail, food and beverage, and other market-driven recreational activities as facility allows. Clubs, Food, Beverage and Entertainment (CFBE) Operations may include theme operations, catering, snack bars, dining, beverage, social events, entertainment, and other services normally associated with a restaurant and entertainment center, as well as hospitality support for official events. Provide programs and activities for the workforce including athletics and sports, tours, tickets, support for cultural events and organizational days, rod and gun activities, fitness facilities, libraries, social events, entertainment and installation wide events as well as official hosting and representation."
ISS104,ISS 104: Client Services,19253362,12118045,7135317,12362758,14932716,-2569958,7774721,9758184,-1983463,12782299,11520702,1261597,13760476,11258987,2501489,11133705,9392229,1741476,11462710,9688880,1773830,10442351,9288889,1153462,9582377,10351955,-769578,13503800,6406595,7097205,7621654,11762172,-4140518,8892034,14086139,-5194105,9,23,60,24,1,21,57,39,27,18,30,50,14,30,51,22,39,49,25,47,54,38,40,45,41,36,30,14,69,69,56,30,13,52,9,6,0.588817503,-0.172102516,-0.203261488,0.109506955,0.222177093,0.185416689,0.183078952,0.12417653,-0.07434132,1.107796731,-0.352019848,-0.36873873,5.26,4.96,5.39,5.58,5.26,Moderate Impact,IMCOM,2.080833376,(i.e. Provides Soldiers with legal advise and services associated with taxes and wills). Multi-faceted program: Provides legal assistance to active duty military members through the Soldier readiness processing (SRP); mobilizing and demobilizing personnel in accordance with 10 USC 1044A and AR 27-3; assisting Soldiers with actions involving administrative due process; and assisting and advising on their personal legal affairs. Assists and advises Family members with actions involving their personal legal affairs Assists and advises retirees with actions involving their personal legal affairs. Assists and advises eligible civilians with actions involving administrative actions/proceedings.
ISS505,ISS 505: Compliance Services,16405977,8342337,8063640,12070503,11212895,857608,10095797,12127470,-2031673,9040682,7050587,1990095,12281826,7601282,4680544,10877987,7877411,3000576,7061749,9327220,-2265471,13103000,6536110,6566890,14731942,10621393,4110549,6896751,7823839,-927088,8155881,11635028,-3479147,9294093,14201086,-4906993,18,56,62,27,40,49,36,22,26,52,65,54,20,58,62,27,50,54,60,50,29,13,63,66,4,34,62,64,58,25,52,32,20,50,8,7,0.966592455,0.076484084,-0.167526533,0.282259477,0.615757184,0.380908905,-0.242888127,1.004709223,0.387006582,-0.118495281,-0.299023518,-0.345536461,5.53,5.78,5.65,5.67,5.36,Moderate Impact,IMCOM,2.216362608,"(i.e. Provides the Garrison CDR with the personnel and tools to ensure environmental compliance on the installation) Provides for timely and accurate review and analysis of installation projects and activities (e.g., training and testing) for potential impacts related to environmental laws, regulations and Final Governing Standards (FGS) or Host Nation-equivalent mandates. Allows the customer to accomplish the mission by successfully acquiring and maintaining appropriate permits or Host Nation/FGS equivalent as defined by HQDA's Environmental Policies and Guidance. Provides management and disposal services for hazardous waste and other waste that requires special handling, as defined by Federal/State regulations, Host Nation/FGS equivalent or HQDAs Environmental policy and guidance."
ISS402,ISS 402: Custodial Services,19342557,7433269,11909288,10622067,6583512,4038555,7334833,11754030,-4419197,12220956,12285479,-64523,14327746,12318632,2009114,9513943,7844657,1669286,10952914,7398933,3553981,8931083,14877581,-5946498,8480818,7983292,497526,6227942,8628198,-2400256,9146256,10019238,-872982,7421293,11895933,-4474640,7,61,70,42,68,61,60,24,9,25,24,34,6,23,48,40,51,47,29,61,62,51,1,4,51,54,36,69,47,13,42,45,39,60,29,8,1.602160234,0.613434744,-0.375972922,-0.005251973,0.163095545,0.212792733,0.480336962,-0.399695219,0.062320907,-0.278187404,-0.087130578,-0.376148722,4.61,5.65,4.48,4,4.38,Low Impact,IMCOM,2.230457001,(i.e. Provides custodial services for infrastructure on the installation). This program provides basic cleaning to installation facilities IAW the Enterprise Municipal Custodial Services Performance Standards in the Performance Work Statement to include Child Care Centers and Fitness Centers.
ISS504,ISS 504: Other Utility Services,8940171,9020646,-80475,9245843,13190347,-3944504,14148549,11602425,2546124,9571489,11776713,-2205224,11625530,8362190,3263340,9917717,13605945,-3688228,9086426,12878020,-3791594,6109915,11954098,-5844183,14992042,13366848,1625194,7071451,11905500,-4834049,13594847,9477856,4116991,8008098,12380668,-4372570,57,50,26,50,25,11,11,26,48,43,26,15,24,51,56,35,10,17,44,21,18,71,26,5,1,11,49,63,22,9,6,51,68,55,27,9,-0.008921201,-0.299044748,0.219447572,-0.187252929,0.390249444,-0.27107474,-0.294423677,-0.488885318,0.121583937,-0.406034942,0.434379991,-0.353177228,7.52,8.04,7.7,6.92,7.38,High Impact,IMCOM,1.921549249,"(i.e. Provides funding for the operation and maintenance of the gas/propane infrastructure on the installation) Provides upgrades to facilities and equipment to improve energy efficiency via alternative financing methods, i.e., Energy Savings Performance Contracts (ESPC) and Utility Energy Services Contracts (UESC). Provides natural gas/propane for heating, domestic hot water, cooking, power generation, and other miscellaneous uses via a Utilities Privatization contract. Includes all utilities privatization contract costs to operate, maintain, repair and recapitalize the plants and distribution systems."
ISS906,ISS 906: Battle Command Training Center (MTC),7873266,14815754,-6942488,12720366,13280348,-559982,12158040,14578140,-2420100,14241027,13384742,856285,8727070,13619138,-4892068,6449785,10043764,-3593979,11753654,13038787,-1285133,12518517,8188852,4329665,9094460,12068196,-2973736,8984913,12341151,-3356238,11203271,13253741,-2050470,10543526,14821379,-4277853,64,3,2,20,24,36,22,2,21,6,13,45,46,13,9,66,36,18,21,17,34,18,49,62,47,24,15,50,16,11,20,17,34,39,2,10,-0.468588234,-0.042166214,-0.166008832,0.063974711,-0.359205406,-0.357831885,-0.098562313,0.528726737,-0.24641098,-0.271955023,-0.154708772,-0.288627192,6.53,6.7,6.3,5.5,6.75,Moderately High Impact,IMCOM,1.960731139,"Provides integrated collective mission command staff training and exercises for home station, mission planning and rehearsal, and pre-deployment training ranging from platoon to Combined Joint Task Forces (CJTF) levels. Provides individual operator and leader mission command sustainment training and new personnel training in a Live Virtual Constructive-Gaming (LVC-G) integrated training environment IAW programs of instruction. Provides mobile training teams, exercise support, network solutions, and distributed training to support Spokes and deployed or remote sites IAW Mission Command Training Strategy Implementation Plan, Hub and Spoke strategy and Home Station Master Plan."
ISS300,ISS 300: Clothing and Equipment,13636041,6195804,7440237,13453716,7015402,6438314,14763100,13285012,1478088,14488978,9815366,4673612,7845562,14552301,-6706739,9000804,6926317,2074487,6010890,13804979,-7794089,6824129,13604336,-6780207,8108928,6734867,1374061,10084485,14214546,-4130061,8730670,8525633,205037,6127697,10274224,-4146527,27,70,61,13,64,69,1,11,43,4,44,67,55,4,4,43,62,52,71,13,1,67,15,2,55,64,47,42,3,10,46,57,45,71,40,11,1.200850931,0.917739853,0.111259817,0.476152596,-0.460871377,0.299507949,-0.564585357,-0.498385735,0.204021995,-0.290551735,0.024049475,-0.403585419,7.58,7.52,7.57,6.33,7.85,High Impact,AMC,2.039803827,"Manage the Central Issue Facility (CIF) to include receive, store, issue, process Organizational Clothing & Individual Equipment (OCIE)."
ISS405,ISS 405: Master Planning,13628520,7399324,6229196,6131919,14224721,-8092802,13032841,9270023,3762818,13959464,6211360,7748104,13017599,9498021,3519578,7556265,12018569,-4462304,14470348,13012603,1457745,11641982,10115801,1526181,6695176,8673370,-1978194,6580611,7910996,-1330385,10017511,8804943,1212568,9774200,13838859,-4064659,28,62,58,68,9,1,15,43,57,10,70,71,18,42,58,55,23,8,2,18,51,27,37,48,66,50,20,66,55,20,34,55,55,46,13,12,0.841860148,-0.568925183,0.405912477,1.247408619,0.370559088,-0.371284135,0.112025626,0.150870999,-0.228076745,-0.16816909,0.137714463,-0.293713448,5.44,5.65,5.09,5.33,5.53,Moderate Impact,IMCOM,2.237780784,"(i.e. Provide the Garrison CDR and staff with the personnel and expertise to conduct master planning for all facets of the installation). Establish a vision and future direction for safely and efficiently managing, acquiring, or reducing real property at Army installations in order to support the current mission, transformation and management process IAW AR 420-1. Establish a framework of installation management to review allocation of limited resources that affect, or are affected by, the use of real property assets. This service includes planning, programming and execution functions of MLCON iaw AR 420-1, Army Facilities Management, DA PAM 420-1-2, Army Military Construction and Non-Appropriated Funded Construction Development and Execution, UFC 2-100-01, Installation Master Planning and other applicable regulations. This service includes analyzing capabilities to support mobilization, deployment, and stationing actions."
ISS510,ISS 510: Pest Management,16042160,12235284,3806876,11927954,11923373,4581,9358087,6185388,3172699,6485658,8188552,-1702894,9781012,10168930,-387918,14711554,6933847,7777707,6771060,6074350,696710,14887091,6268074,8619017,13342402,14411491,-1069089,13557537,12080694,1476843,8346055,11577649,-3231594,10885258,14870630,-3985372,19,22,45,30,35,42,43,70,53,70,58,19,35,38,36,3,61,71,65,70,47,1,68,71,14,4,26,13,20,44,49,33,25,31,1,13,0.311139161,0.000384203,0.512934516,-0.207960333,-0.038147376,1.12170156,0.114697046,1.375066248,-0.074183095,0.122248192,-0.279123508,-0.268002902,5.19,5.18,5.3,5.42,5.1,Low Impact,IMCOM,2.179740252,"(i.e. Provides the funding for services related to pest control within the infrastructure on the installation). Prepares an integrated pest management plan (IPMP) that defines pest management requirements, responsibilities, and resources needed to correct pest problems at each installation. Provides visits of facilities as required to inspect, identify and eliminate the presence of existing or potential public health and wood destroying and nuisance pest problems. Provides response and completion of service orders to evaluate and correct pest problems that are a threat to mission, health, safety, and to prevent property damage."
ISS904,ISS 904: Range Operations,19515761,10024111,9491650,14992528,11760711,3231817,8032725,9097977,-1065252,8394399,10073413,-1679014,9393922,9518357,-124435,6808136,6172342,635794,14124063,12485192,1638871,8187202,7960292,226910,11559608,7598366,3961242,9011931,6775813,2236118,9725001,12783428,-3058427,10142207,13917555,-3775348,5,42,65,1,37,58,53,45,32,56,42,20,40,40,39,64,69,40,6,25,52,56,51,38,26,58,59,49,66,50,35,23,27,45,12,14,0.946881973,0.274797757,-0.117086689,-0.166677768,-0.01307316,0.10300693,0.131265182,0.028505236,0.521328138,0.330014716,-0.239249363,-0.271265176,7.29,7.91,7.57,6.08,7.18,Moderately High Impact,IMCOM,2.083603695,"(i.e. Provides for the operations and maintenance of the ranges on the installation). Provides for range, training facility/area, and targetry maintenance to plan, manage, and operate safe and efficient sustainable range complex use. Ensures the safe conduct of military, civilian personnel, contractors and other agencies involved and/or affected by training operations. Provides scheduling of range complex facilities. Provides subject matter expertise to support and facilitate the design, analysis and fabrication and/or reconfiguration of range facilities to meet an immediate requirement."
ISS305,ISS 305: Food Services,10441709,13202411,-2760702,10629792,10431255,198537,9129025,10783565,-1654540,8488309,11045891,-2557582,14092246,6144624,7947622,10416880,6719980,3696900,6327822,7276377,-948555,12427008,7862525,4564483,14987847,11743675,3244172,14615117,13033452,1581665,6925564,14094948,-7169384,10897341,14433333,-3535992,51,15,10,41,47,44,45,33,29,54,33,13,10,69,70,32,64,61,69,62,36,19,53,63,2,27,56,5,11,47,61,6,2,30,5,15,-0.209105897,0.019032897,-0.153431634,-0.231541485,1.293426905,0.550135566,-0.130360893,0.580536532,0.276248449,0.121354266,-0.508649198,-0.244987904,7.06,6.7,6.57,7.33,7.33,Moderately High Impact,AMC,2.460951011,"Provide Dining Facility meal service. Operates the Subsistence Supply Management Office & Food Program Office.

"
ISS303,ISS 303: Military Clothing and Sales,13310324,11883783,1426541,13159678,7050257,6109421,9240012,7054259,2185753,7705957,13463458,-5757501,6002161,6995064,-992903,10545585,13825580,-3279995,11363252,11458952,-95700,7402219,9807908,-2405689,7608868,6592867,1016001,10304721,7193449,3111272,12958363,10443171,2515192,7284340,10799882,-3515542,29,28,32,16,63,68,44,61,47,65,12,1,71,62,32,31,8,20,26,37,40,63,39,20,57,65,43,40,63,57,9,42,57,63,35,16,0.120040984,0.86655295,0.309848703,-0.427639095,-0.141943376,-0.237241042,-0.008351549,-0.245280543,0.154106097,0.432514639,0.240845621,-0.325516705,6.19,6.74,5.52,5.83,6.3,Moderate Impact,AMC,2.298082265,Provides the military clothing and sales venues located on the installation.
ISS102,ISS 102: Administration and Civil Law,14438694,9137103,5301591,10955405,13075645,-2120240,13840076,9704316,4135760,13106780,14514595,-1407815,14833046,6803167,8029879,7581948,8421838,-839890,6971784,13531019,-6559235,13967841,11042147,2925694,7588489,14970955,-7382466,11657156,11393395,263761,10304852,6705273,3599579,10269326,13740065,-3470739,24,49,51,37,26,23,13,41,58,15,4,23,1,64,71,52,45,30,63,15,5,9,36,54,59,1,2,31,30,32,28,69,67,42,16,17,0.580226687,-0.162151848,0.426177383,-0.096993061,1.180314845,-0.099727637,-0.484755435,0.264956987,-0.493119243,0.023150343,0.536828105,-0.252599897,6.26,6.35,6.26,6,6.28,Moderate Impact,IMCOM,2.13709047,"(i.e. Provides Soldiers with legal advise and services associated with administrative and civil law). Provide advise in all areas of admin and civil law to commanders in daily operation. Provide full legal support including advice and representation to commanders and staff, Civilian Personnel Advisory Centers, in Labor and Employment matters. Provide full legal support to commanders in Environmental Law in accordance with Federal and state law and regulations. Provide full legal support to commanders in all facets of contracts and fiscal law in accordance with Federal law and Army regulations."
ISS304,ISS 304: Laundry and Dry-Cleaning Services,8802291,7149409,1652882,13559045,12625397,933648,7712030,8172138,-460108,12927469,8642797,4284672,13406734,13842393,-435659,9561672,6209343,3352329,9338407,12928060,-3589653,10138519,6458818,3679701,6337487,9661964,-3324477,10953664,10703400,250264,10366512,13166508,-2799996,9578409,12935749,-3357340,58,63,33,11,28,50,59,54,35,16,53,65,16,10,34,39,67,57,40,20,19,43,64,58,69,41,14,37,35,31,26,19,29,48,22,18,0.231191417,0.073949991,-0.056302035,0.495750623,-0.03147281,0.539884654,-0.277663702,0.5697174,-0.344078802,0.023381729,-0.212660487,-0.259539668,4.43,4.48,4.48,4.17,4.45,Low Impact,AMC,2.365994175,Provides laundry service and dry cleaning service on the installation.
ISS604,ISS 604: Emergency Management,9649612,13908254,-4258642,12433802,9765663,2668139,11690226,12530701,-840475,13779749,11721648,2058101,11889883,10449793,1440090,12743572,7575643,5167929,12526818,12328684,198134,8211209,9114824,-903615,12095685,6801465,5294220,14945003,7036118,7908885,6676090,12985231,-6309141,7309966,10573988,-3264022,53,10,6,23,50,54,29,21,34,13,27,55,23,36,46,11,56,67,15,28,43,55,42,28,22,63,67,1,64,70,65,21,4,62,38,19,-0.3061953,0.27321637,-0.067073263,0.175581198,0.137810385,0.682176945,0.016070977,-0.099136857,0.778394067,1.124040984,-0.485870525,-0.308684103,7.87,8.61,7.13,8.17,7.8,High Impact,IMCOM,2.016560126,"(i.e. Provides the Garrison CDR with the personnel and tools to plan and implement early warning to all personnel on the installation in the event of an emergency) Provides for the development of deliberate & incident planning to prepare for, prevent, mitigate the potential effects of, respond to & recover from emergencies resulting from all hazards (natural, technological, terrorism, CBRNE) in order to enhance EM capability. The EM program plan addresses identified threats/vulnerabilities to the Installation. Includes public awareness campaigns, Mass Warning System planning and sustainment and preparation for specific high risk weather seasons utilizing FSEs, FEs, and TTXs with supporting ARS and Ips."
ISS803,ISS 803: Continuing Education Services,15892869,6678479,9214390,6120397,13980571,-7860174,9892812,13964139,-4071327,11341653,10335016,1006637,9459170,8632046,827124,9713720,12489052,-2775332,10236282,14524737,-4288455,10597001,11906246,-1309245,6755414,6243323,512091,8515269,8269818,245451,13956270,13563699,392571,10855095,14054053,-3198958,21,66,64,69,14,3,39,5,11,29,41,48,38,50,44,37,20,23,33,6,15,36,29,25,65,69,37,54,52,30,4,13,48,32,11,20,1.379713854,-0.562221243,-0.291555892,0.097400623,0.095820157,-0.22222119,-0.295251818,-0.109962872,0.082022186,0.029680339,0.028942768,-0.227618182,5.99,5.83,5.43,5.58,6.34,Moderate Impact,IMCOM,2.461554553,"(i.e. Provides Soldiers with tuition assistance, GT improvement and education counseling). Provide education/career counseling services to include customer assistance and interviews to determine appropriate education goals/plans/services programs and to serve as a gateway for effective/efficient provision of individual services. Provide education counseling services to facilitate off duty self-development programs at the post-secondary levels (vocational/technical/undergraduate/graduate). Provide tuition assistance to assist Soldiers pursuing and completing post-secondary education goals, not to exceed a Master's degree.. Includes standardized tests that determine eligibility for specialized training and support the Army's personnel retention rate, selection, and classification process including language proficiency testing."
ISS253,"ISS 253: Sports, Recreation, and Libraries",11812668,13755120,-1942452,14824816,14794025,30791,14726032,8947309,5778723,13871162,10947595,2923567,6004059,14727144,-8723085,6263057,8009726,-1746669,8225763,14601134,-6375371,10274875,7698802,2576073,9567392,12186772,-2619380,12314457,7958410,4356047,7532573,14792659,-7260086,7197441,10073535,-2876094,41,12,16,3,3,43,3,47,66,12,34,60,70,2,1,68,49,28,49,5,6,41,55,52,42,23,17,28,54,61,58,1,1,65,43,21,-0.141216652,0.002081313,0.645861566,0.267051074,-0.592313418,-0.218068508,-0.436635333,0.334606995,-0.214936326,0.547351418,-0.49078979,-0.285509903,5.6,6.91,5.45,5.25,5.23,Moderate Impact,IMCOM,2.518783557,"(i.e. Provides Soldiers with Fitness Centers, Library services, and Aquatic Centers on post). Provides Garrison capabilities to conduct functional fitness programs in support of TC 3-20.21, required to assist commanders in meeting the physical requirements of the Mission Essential Task List (METL). The Library and Information Services Program consists of libraries that support readiness, the military mission, quality of life, voluntary education, professional and technical education and training, lifelong learning, transition and career assistance, and leisure needs of military communities. Aquatic Facilities are a key component of mission readiness. Aquatic Training Programs are required for unit water survival training, enhancing Soldier swimming skills, support rehabilitation of wounded warriors and support the general health of the military community."
ISS112,ISS 112: Installation Safety and Occupational Health,15259659,14905566,354093,12148982,13322028,-1173046,14159710,14346532,-186822,6711743,8117727,-1405984,14405990,8862210,5543780,6131763,14428422,-8296659,9712797,13916926,-4204129,11587688,14174044,-2586356,6498671,6015978,482693,14862811,7870392,6992419,10173548,9502918,670630,6576499,9179813,-2603314,23,1,27,26,23,32,10,3,36,69,60,24,5,48,66,71,5,1,37,12,16,29,8,18,67,71,35,2,57,68,33,50,52,69,52,22,0.023755757,-0.08805311,-0.013022102,-0.173199222,0.625552768,-0.575021925,-0.302087472,-0.182471283,0.080235167,0.88844609,0.070570955,-0.28359118,5.31,5.3,5.18,5.67,5.28,Moderate Impact,IMCOM,2.344327486,"(i.e. Provides the Garrison CDR with the tools necessary to manage an on-post safety program).  Develop, justify, manage, plan, organize, and implement a Garrison safety program to manage compliance with statutory and regulatory standards.  Identify accident casual factors and potentially unsafe practices or conditions, and recommendations for corrective actions to prevent mishap recurrence and reduce hazardous conditions. The function includes: mishap screening, accident feeder reports, notifications, investigation, report reviews/coordination, report processing, mishap log, board appointments, command level reviews, counter measure development, malfunction recording for components, OSHA recordkeeping. "
ISS201,ISS 201: Family Housing Management,19595478,8956076,10639402,7552089,8976660,-1424571,8797005,10854439,-2057434,12230623,11880067,350556,7862017,12443256,-4581239,8505290,10645420,-2140130,11715499,6291527,5423972,9189012,8862065,326947,6493087,14651052,-8157965,12240069,14365120,-2125051,8854601,13938272,-5083671,7220379,9611653,-2391274,4,52,66,60,55,29,47,32,25,24,25,40,54,20,11,47,32,26,22,69,68,48,45,39,68,3,1,30,1,15,45,9,8,64,50,23,1.187953519,-0.158697221,-0.189547705,0.029507914,-0.368170437,-0.201037629,0.862107403,0.036892869,-0.556817695,-0.147931309,-0.364727493,-0.248789048,7.06,7.3,6.35,7.17,7.22,Moderately High Impact,IMCOM,2.14552754,"(i.e. Provides the management and oversight of privatized housing on the installation). This program implements policies for eligibility, assignment, occupancy and termination of government owned and leased family housing. This SSP provides for management and oversight of the Housing Services Office (HSO). Provides for the oversight of privatized housing services. This programs plans and executes the AFH furnishings & equipment program."
ISS400,ISS 400: Facilities Engineering Services Mgmt,17493746,14495946,2997800,13419612,10675005,2744607,9923681,6888921,3034760,6366581,11593073,-5226492,7720957,14498367,-6777410,9682109,13241099,-3558990,6326094,11509884,-5183790,9943748,14751305,-4807557,10989482,9770905,1218577,14583089,6121874,8461215,11336377,11756753,-420376,11339837,13472780,-2132943,14,5,42,14,45,55,38,62,51,71,28,2,57,6,3,38,12,19,70,34,11,46,3,9,31,40,44,6,70,71,18,31,42,28,19,24,0.206802647,0.257105922,0.440527624,-0.45082887,-0.467460232,-0.268783581,-0.450377258,-0.325907233,0.124714855,1.38212825,-0.035756131,-0.158314988,5.91,6.43,5.26,6.25,5.88,Moderate Impact,IMCOM,2.169470402,"(i.e. Provides the Garrison CDR and staff with the tools needed to conduct long-term planning for all the services provided by the Director of Public Works (DPW) on the installation) The Annual Work Plan (AWP) is a systematic approach that provides a framework that captures the upcoming year of execution for the Director of Public Works UP DA PAM 420-6. The AWP, as a one year slice of an installation's six year plan, must work towards achieving the installation's long term vision (strategic Goals).  This program captures all engineer functional requirements needed to provision garrison services and maintain quality facilities. Provides work management and execution using good work management practices to control and accomplish in-house or contract RP maintenance mission. "
ISS202,ISS 202: Army Lodging Management,14223100,10015320,4207780,7288746,14630093,-7341347,8505428,13818717,-5313289,11309316,6803956,4505360,8407409,7159626,1247783,8534895,8670390,-135495,6830218,7051926,-221708,10012287,6314961,3697326,10020716,12845156,-2824440,9228230,14360928,-5132698,10854947,7454275,3400672,12264931,14371793,-2106862,25,43,47,62,5,5,49,6,6,30,67,66,48,61,45,46,43,32,64,65,38,44,67,59,37,15,16,47,2,7,21,64,66,19,6,25,0.420134354,-0.501797699,-0.384499444,0.662167715,0.174280472,-0.015627325,-0.031439354,0.585486751,-0.219883667,-0.357407126,0.456204259,-0.146597018,5.78,5.83,6.13,5.17,5.75,Moderate Impact,IMCOM,2.41169349,"(i.e. Provides Soldiers with Army lodging services to include reception, operations, maintenance and custodial). Provide accommodations to authorized travelers. Perform scheduled and unscheduled maintenance/repair services. Perform reservations, assignments, termination; and provide customer services. Provide common area cleaning, laundry, and supply services. Provide guest room cleaning. Perform scheduled and unscheduled maintenance/repair services. Perform reservations, assignments, termination, and provide customer services. Provide standard hotel amenities and guest services. Provide standard hotel amenities and guest services. "
ISS903,ISS 903: Training Land Sustainment,7731775,11930424,-4198649,10830629,12571889,-1741260,11958068,9217439,2740629,10089046,12843806,-2754760,6649717,6784032,-134315,10832003,6179497,4652506,13263379,8231408,5031971,14656362,13434888,1221474,9618295,14021514,-4403219,9587965,11882154,-2294189,10679725,8071744,2607981,11455208,13423274,-1968066,65,26,7,38,29,25,24,44,50,40,17,12,62,65,38,28,68,65,12,56,67,5,18,46,39,6,9,46,23,14,22,59,58,27,20,26,-0.351927895,-0.138504245,0.297330853,-0.214481595,-0.019798698,0.752893965,0.61131352,0.090918063,-0.314033064,-0.193078545,0.323100064,-0.146615945,7.16,7.57,7.22,6.25,7.16,Moderately High Impact,IMCOM,2.008385781,"(i.e. Provides for the operations and maintenance of the training land on the installation). Provides the oversight and subject matter expertise necessary for the successful performance of needed land rehabilitation projects in support of Senior Commander training goals and objectives. Provides the capability to create, analyze, manage, and distribute authoritative standardized spatial information, products, and services for the execution of training strategies and missions on U.S. Army ranges and training lands."
ISS800,ISS 800: Military Personnel Services,7023335,13340326,-6316991,8038577,14216788,-6178211,8662647,13646981,-4984334,8139314,7579458,559856,8958597,6087758,2870839,13626391,7201949,6424442,14604624,6646494,7958130,7168040,6703209,464831,14311950,10111970,4199980,10460417,12275721,-1815304,8408510,10905172,-2496662,6294504,8113567,-1819063,70,14,3,58,10,8,48,7,7,61,62,42,43,70,55,7,59,70,1,67,71,64,61,40,8,38,65,38,17,18,48,38,31,70,54,27,-0.473525984,-0.434571508,-0.365233453,0.073864912,0.471575743,0.89204214,1.197342539,0.069344548,0.415347356,-0.147877587,-0.228942927,-0.224200158,7.59,7.3,7.22,7.67,7.82,High Impact,IMCOM,2.09685707,(i.e. Provides casualty assistance support; CAC/ID card services; services to transitioning service members). This program provide Military casualty services and liaison services for Family members between local funeral personnel and military burial personnel. This program provides those personnel services required by customers upon arrival/departure from an installation. This program provides those services required to deploy and redeploy Soldiers. This program provides CAC/ID Card services to customers as required by personnel actions initiated by customer. This program provides transition services for separating Soldiers. This program provides post-retirement services to customers in the geographical area. This program provides reassignment processing for Soldiers between installations  and distribution services between units and the installation.
ISS602,ISS 602: Anti-Terrorism Services,10681211,14464272,-3783061,12481623,13801529,-1319906,12456497,9758017,2698480,12921238,6655547,6265691,14664672,9420006,5244666,14816498,14856758,-40260,11087712,7138100,3949612,8094763,14432819,-6338056,7049851,11187135,-4137284,13502277,12081702,1420575,10196925,13685397,-3488472,12893126,14512632,-1619506,48,7,8,22,16,31,20,40,49,17,69,69,3,43,65,2,2,33,28,64,65,57,6,3,61,31,12,15,19,42,31,11,19,17,4,28,-0.261545206,-0.095634766,0.276539793,0.941423898,0.556758244,-0.002709878,0.553314187,-0.439141931,-0.369825161,0.117580702,-0.254904699,-0.111592852,7.18,7.96,6.65,7,7.13,Moderately High Impact,IMCOM,2.339659495,"(i.e. Provides the Garrison CDR with the personnel and tools to plan and implement Anti-Terrorism planning and prevention on the installation). Provides the capability for the garrison commander to develop, implement and manage the installation AT Program; coordinate program requirements with installation organizational and tenant activities, local, state and federal agencies. Provides the garrison commander the capability to conduct required risk management to mitigate vulnerabilities or accept risk through comprehensive program reviews, vulnerability, criticality and risk assessments. It allows garrisons the ability to make decisions and apply resources to protect units, facilities and programs including DoD personnel, family members, civilians and contractors."
ISS250,ISS 250: Substance Abuse,8546374,9338563,-792189,7512293,10188347,-2676054,9929733,8827776,1101957,12680159,10417632,2262527,9699859,14566537,-4866678,7032268,12362560,-5330292,8715800,14211604,-5495804,11905472,13623291,-1717819,8473365,12246048,-3772683,7601547,6433394,1168153,6297303,12807732,-6510429,6639451,7762020,-1122569,60,47,22,61,48,19,37,48,40,19,38,57,36,3,10,59,21,6,47,8,10,24,14,23,52,22,13,60,67,37,68,22,3,68,57,29,-0.084829861,-0.26265831,0.124828383,0.217182465,-0.334099862,-0.431164095,-0.386712436,-0.126094275,-0.308073511,0.181576474,-0.508320208,-0.144623307,6.24,6.52,5.13,6.33,6.54,Moderate Impact,IMCOM,2.36129233,"(i.e. Provides units with the ability to conduct urinalysis to test for illegal drug use). This program provides for the operation of a forensically secure Installation Drug Testing Collection Point. The program identifies and deters drug use and enhances individual readiness, and delivers Unit Prevention Leader (UPL) certification and recertification training, in accordance with applicable policy and regulations. This program is funded with OSD Fenced Funding. This program allows for the operation of a forensically secure Installation Drug Testing Collection Point. The program identifies and deters drug use and enhances individual readiness, in accordance with drug-free workplace and applicable regulations. This program plans, manages, directs and evaluates substance abuse education and training activities. "
ISS900,ISS 900: Airfield Operations,10518230,12510251,-1992021,11941123,9431165,2509958,10786546,7112946,3673600,8030978,7295197,735781,9870598,13773944,-3903346,12391396,12920750,-529354,8020143,14650114,-6629971,11888480,11939273,-50793,11376281,13588378,-2212097,14078912,9339901,4739011,9161163,13982842,-4821679,10404040,11253526,-849486,50,21,15,29,52,53,31,60,55,62,63,43,34,12,15,16,15,31,52,4,4,25,28,34,27,9,18,10,42,64,41,8,10,40,33,30,-0.159231098,0.26613446,0.516466735,0.100858277,-0.283386225,-0.040969294,-0.452554226,-0.004254279,-0.162793308,0.507394136,-0.344828255,-0.075486208,7.38,8.7,6.83,6.58,7.25,High Impact,IMCOM,2.139188808,"(i.e. Provides for the operations and maintenance of the installation airfield). Provide management/oversight to ensure a safe and efficient airfield environment to support aircraft operations. Support non-tactical airspace air traffic control (ATC) Services. Provide for the safe, orderly, and expeditious flow of arriving and departing air traffic. Maintain and certify non-tactical ATC equipment. Provide and maintain flight planning capabilities to include equipment, staff, airfield advisory services and access to air traffic related data for processing flight plans for local, national, and international air traffic systems."
ISS113,ISS 113: Administrative Management,12924089,8909095,4014994,12349136,14241801,-1892665,9453701,11797189,-2343488,11180635,12747300,-1566665,11165481,12581742,-1416261,7697249,10865063,-3167814,9413411,12697686,-3284275,11581647,6030887,5550760,6212888,12413684,-6200796,6564963,12886447,-6321484,14701371,11860613,2840758,11799715,12463330,-663615,30,53,46,25,8,24,41,23,22,31,20,22,25,18,30,51,30,21,39,22,21,30,69,64,71,19,5,67,12,4,1,28,63,24,24,31,0.450662385,-0.13289506,-0.198648,-0.122901713,-0.112564778,-0.291559653,-0.258651458,0.920388659,-0.499512957,-0.490552904,0.239511904,-0.053245401,5.81,6.26,5.45,5.08,5.92,Moderate Impact,IMCOM,2.279410452,"(i.e. Provides the installation with official mail service and provides units with printing services through the Document Automation and Production Service (DAPS)). Process incoming official mail and distribution for the installation in accordance with DODI 4525.8, DOD manual 4525.8-M and AR-25-51, 28 USC, 39 USC.  Provide Freedom of Information Act (FOIA) and Privacy Act (PA) support to authorized installation activities in accordance with 5 USC 552 & 552a, EO 13392, Federal Information Security Management Act (FIMSMA), and DOD and Army Regulations.  Process outgoing official mail and distribution for the installation in accordance with DODI 4525.8, DOD manual 4525.8 - M, and AR-25-51, 18 USC, 39 USC.  Provide personal mail services as specified by this SSP. Provide Army Records Information Management. System (ARIMS) services to authorized installation."
ISS603,ISS 603: Installation Security Program Mgmt Support,19321669,13492493,5829176,14884524,9915424,4969100,6902664,11612042,-4709378,10463825,13554518,-3090693,14226540,6616328,7610212,7031132,12795608,-5764476,7203285,13125138,-5921853,11108310,11130408,-22098,12935141,12638456,296685,14804986,11727953,3077033,7487345,6652533,834812,12209871,12819668,-609797,8,13,57,2,49,64,65,25,8,37,10,11,8,67,69,60,17,5,58,16,8,32,34,35,17,17,34,3,25,56,59,70,54,21,23,32,0.432031056,0.501148514,-0.405559849,-0.228019395,1.150216857,-0.450504267,-0.451184056,-0.001985372,0.023474782,0.26236744,0.12548784,-0.0475673,7.55,8,7.35,7.42,7.48,High Impact,IMCOM,2.193008533,"(i.e. Provides the installation access control personnel the ability to vet and clear visitors before they enter the installation). Program facilitates unit readiness by ensuring that appropriate personnel have been vetted and cleared for accessions, employment, deployment, information systems access, facility access and other mission requirements. It includes processes and actions required for security clearances. Program facilitates unit readiness by ensuring that appropriate personnel have been vetted and cleared for accessions, employment, deployment, information systems access, facility access and other mission requirements. It includes processes and actions required for suitability/trustworthy determinations."
ISS507,ISS 507: Pollution Prevention Services,8186229,8690296,-504067,11896396,13422080,-1525684,12940900,6138694,6802206,9043993,8826103,217890,14250871,7945650,6305221,8393553,12847141,-4453588,10009501,12686773,-2677272,14711764,7529955,7181809,9587717,7963870,1623847,11312426,7239205,4073221,11295824,12502090,-1206266,10843582,11406846,-563264,62,55,24,32,21,26,16,71,70,51,49,37,7,55,68,48,16,9,35,23,25,4,58,68,40,55,48,33,62,60,19,25,36,33,32,33,-0.058003433,-0.113669714,1.108086834,0.024686999,0.793543763,-0.346659852,-0.211028604,0.953765195,0.203901746,0.56266137,-0.096485148,-0.049379469,4.75,5.17,4.65,4.5,4.67,Low Impact,IMCOM,2.24068122,"(i.e. Provides the Garrison CDR with the personnel and tools to prevent pollution and waste on the installation). Provides the customer(s) with the ability to meet the compliance requirements set forth in sections 301 through 313 of the Emergency Planning and Community Right-to-Know Act (EPCRA) and applicable Final Governing Standards (FGS). Provides the customer with data and analysis to apply source reduction or waste minimization in order to reduce releases, wastes, pollution, and costs from an installation’s current business practices, industrial processes, base operations, or other routine and recurring sources of wastes, pollution, or releases to the environment."
ISS506,ISS 506: Conservation Services,10032114,10783960,-751846,13946637,14312175,-365538,14554462,11412200,3142262,9921601,14961357,-5039756,13901592,14024728,-123136,11788660,8356362,3432298,9260215,14856209,-5595994,11944492,14829585,-2885093,11980453,12910698,-930245,9672950,9268932,404018,10531857,7824569,2707288,7805904,8038128,-232224,52,36,23,7,7,37,4,28,52,41,1,5,13,8,40,18,46,58,41,1,9,23,2,15,24,14,28,45,43,33,23,60,61,56,55,34,-0.069718916,-0.025540353,0.275342353,-0.33685153,-0.008779921,0.410740703,-0.376677119,-0.194549814,-0.072052262,0.043588409,0.345998355,-0.028890309,4.4,4.96,4.43,4.42,4.17,Low Impact,IMCOM,2.207755679,"(i.e. Provides the Garrison CDR with the personnel to ensure compliance with endangered species on the installation) Provides for timely and accurate initial review and evaluation of installation projects and training/testing activities in accordance with cultural and natural resources laws, policy, guidance, and regulations, and Final Governing Standards (FGS) and host-nation equivalents. Provides required actions or tasks in accordance with natural resources laws and regulations, specific to the Endangered Species Act (ESA), FGS and host nation equivalents. Promotes environmental awareness and provides for increased stewardship and sustainability of cultural and natural resources"
ISS700,ISS 700: Automation,7284420,10759515,-3475095,14216159,9277110,4939049,7969117,11222428,-3253311,12244705,12535682,-290977,14734170,11396702,3337468,14387227,8046616,6340611,14086281,11092975,2993306,7937412,6332628,1604784,9508237,8219481,1288756,8192294,9226247,-1033953,11893197,12494123,-600926,6856716,6910308,-53592,69,37,9,5,54,63,54,30,15,23,22,33,2,29,57,6,48,68,7,39,59,59,66,49,43,52,45,57,44,23,14,26,40,66,62,35,-0.322978777,0.532390906,-0.289893684,-0.0232119,0.29284507,0.787984788,0.269837983,0.25341517,0.156792868,-0.112066477,-0.048096693,-0.007755371,6.97,7.17,6.74,8.18,6.75,Moderately High Impact,NETCOM,2.226055331,"Provides for the administration and operation of the Office of the Director/Chief of Information Technology and for all installation operation automation activities, to include office automation."
ISS905,ISS 905: Training Support Center,18604109,12890327,5713782,6261001,13072068,-6811067,7205454,8196367,-990913,12597056,8780613,3816443,6900267,13243594,-6343327,14987754,14137220,850534,11553541,10131033,1422508,10309540,7624328,2685212,10092184,10010137,82047,8671371,13809676,-5138305,10175888,13530959,-3355071,10809594,10699179,110415,11,17,55,66,27,7,62,53,33,20,52,63,61,15,6,1,6,42,24,45,50,40,57,53,36,39,32,53,7,6,32,14,23,34,37,36,0.443261214,-0.521039747,-0.120896612,0.434644255,-0.47897323,0.060162748,0.140410953,0.35218999,0.008196391,-0.372080055,-0.247955152,0.010319951,6.67,7.35,6.78,5.75,6.56,Moderately High Impact,IMCOM,2.147561659,"(i.e. Provides for the operations and maintenance of the training aids that are used for training on the installation). Provides for the loan, issue, receipt and store Training Aids Devices, Simulators and Simulations (TADSS) warehouse. Provides Instructors/Operators (I/Os) and Operators for DA specified virtual TADSS. Provides for the visual inspection, functional testing, diagnostic testing, check for general cleanliness, preventative maintenance, checks & services (PMCS), and preparation for reissue for TADSS. Provides familiarization training for those TADSS requiring familiarization and certification prior to issue from the warehouse that are non-virtual TADSS."
ISS901,ISS 901: Mobilization and Deployment Support,12440848,11176005,1264843,13876071,10932606,2943465,6678114,14644664,-7966550,13871413,13040195,831218,6987073,11133412,-4146339,12790327,12708142,82185,9068170,9040754,27416,8428191,6924327,1503864,12574012,14071376,-1497364,12591344,13630025,-1038681,7693785,11066839,-3373054,10269117,9991253,277864,35,31,30,9,41,56,68,1,1,11,15,44,60,32,13,10,18,34,45,53,42,54,60,47,18,5,22,23,8,22,55,37,21,43,45,37,0.113174878,0.269237271,-0.543989947,0.063742758,-0.372423027,0.006467114,0.00303249,0.217185584,-0.106412052,-0.076205363,-0.30478929,0.027810726,7.7,8.3,7.52,7.5,7.57,High Impact,IMCOM,2.019207018,"The Installation Mobilization Support Plan implements a standardized approach to prepare for and execute critical support to mobilization operations in order to facilitate the readiness of reserve component Soldiers and formations transitioning to and from active duty. Plan and conduct mobilization exercises to ensure installation readiness to rapidly build and integrate mobilization support capabilities ICW the Supported Command, MEDCOM, ASC, ARNG AND USARC."
ISS414,ISS 414: Facilities Maintenance - Army Family Housing,11568339,9903718,1664621,9168771,8375969,792802,13889171,6232015,7657156,11137071,10855653,281418,14161059,8139509,6021550,6174281,11381288,-5207007,7417868,9359859,-1941991,14185630,6009451,8176179,14090803,13449009,641794,13021143,12444081,577062,10279788,13652795,-3373007,11820529,11021043,799486,43,45,34,52,57,47,12,69,71,32,36,39,9,54,67,70,29,7,56,49,30,8,71,70,10,10,39,19,15,34,29,12,22,23,34,38,0.168080412,0.094651974,1.228680611,0.025923636,0.739792781,-0.457505952,-0.207480796,1.360553402,0.047720542,0.046372408,-0.247056152,0.072541773,6.44,6.78,6.48,6.17,6.35,Moderately High Impact,IMCOM,2.150501325,"(i.e. Provides the minor repairs and waste removal that is not covered under privatized housing).  Provides maintenance and repair activities necessary to keep an inventory of real property in good working order. Executed through Demand Maintenance orders (DMO) which are used for required minor repairs after a system or component fails. This includes the abatement and disposal of Horizontal Structures hazardous Waste such as sewage spill clean ups, asbestos and PCB piping removal, and other waste disposal resulting from sustainment activities."
ISS121,ISS 121: Management Analysis,11067815,11890189,-822374,13536311,11546101,1990210,10324368,8739642,1584726,8260495,8216974,43521,11152453,9132771,2019682,13562833,12273151,1289682,13483391,11068564,2414827,11605842,12419765,-813923,8149542,12394543,-4245001,8982677,9923067,-940390,6108774,9878506,-3769732,14713432,13775422,938010,45,27,21,12,38,52,35,49,44,59,57,36,26,47,49,8,22,45,9,40,58,28,23,29,54,21,10,51,39,24,71,48,15,4,15,39,-0.069164081,0.172370742,0.181326192,0.005296475,0.221146682,0.105081572,0.218169855,-0.065534493,-0.342489513,-0.094768079,-0.381609527,0.068093014,5.9,6.17,6.27,5.08,5.82,Moderate Impact,IMCOM,2.169681652,"(i.e. Provides the Garrison CDR and staff with tools necessary to manage all stationing movements for units on and off the installation; as well as the installation Interactive Customer Evaluation (ICE) program). Provide overall integration, planning, monitoring, and coordination of BRAC actions, transformation initiatives, and/or AR 5-10 stationing actions. This includes both CONUS and OCONUS actions as well as inter- and intra-installation movements of units and organizations. Examples of actions supported include, but are limited to: Korea Transformation, Army 2020 directives/actions, Total Army Analysis (TAA) directives/actions, overseas installation closures or activations, etc. Provide Senior and Garrison Commanders with the tools and data necessary to effectively capture requirements and cost; and then monitor and report unit movements as necessary and directed."
ISS100,ISS 100: Installation Management,7323930,11814294,-4490364,10034153,11535455,-1501302,8435109,11304289,-2869180,8384361,10400613,-2016252,13731971,14752413,-1020442,7024920,6705387,319533,8177427,12220834,-4043407,14872044,12933897,1938147,10392540,9526947,865593,12922360,11094627,1827733,6772273,10290822,-3518549,11723015,10721070,1001945,68,29,5,47,39,28,50,29,16,57,39,17,15,1,31,61,65,37,51,29,17,2,21,50,35,43,41,21,33,49,62,44,18,26,36,40,-0.380078911,-0.130146752,-0.253813398,-0.193858958,-0.069171193,0.047653178,-0.330861789,0.149850196,0.090857333,0.164740374,-0.341911365,0.093455691,6.6,7.39,5.91,6.25,6.62,Moderately High Impact,IMCOM,2.164111466,"(i.e. Garrison staff to assist with the management of all garrison related duties and functions) Manage and direct garrison day to day operations; formulate vision, goals, policies and objectives provide program direction to directors and special staff, manage garrison and base support services delivered to standard; manage garrison infrastructure to support Soldiers, Families, and Civilians, and deliver Family and garrison programs. Identify, develop and maintain mutually beneficial coalitions with local and tenant leaders, Garrison staff and the Installation community as delegated by the Senior Commander (SC). "
ISS251,ISS 251: Army Community Service,11172009,9501994,1670015,9202093,9503914,-301821,11772502,6774631,4997871,14046838,6739690,7307148,10083910,12388966,-2305056,11505699,9916775,1588924,7884060,6551804,1332256,8996206,10066369,-1070163,7595266,12527305,-4932039,13007679,11441910,1565769,7315377,6962134,353243,10774866,9684121,1090745,44,46,35,51,51,39,27,64,64,8,68,70,31,21,27,19,38,46,54,68,49,50,38,26,58,18,7,20,29,46,60,68,47,35,49,41,0.175754163,-0.031757547,0.737733317,1.084196454,-0.186057174,0.16022588,0.203341858,-0.106310726,-0.393703115,0.136845072,0.050737748,0.112632318,6.3,6.35,6.13,5.92,6.43,Moderately High Impact,IMCOM,2.430577186,"(i.e. Provides all the services you find at the installation ACS building). Support and enhance all Army Community Service programs by expanding their resource base through promotion and utilization of available tools and resources. Prevention and intervention programs and services for a wide range of support of individual life situations to include the range of Family Violence. Advocacy for and response to victims of domestic violence as well as prevention of domestic violence through education. Home Visiting Program providing services and parenting skills education to parents with a newborn or child, ages 0-3 or at-risk Families with young children, ages 0-3. Programs and support activities designed to assist leaders, Soldiers, their Families and Department of Army Civilians who deploy and their families to successfully manage the challenges of mobilization and deployments before, during, and after they are mobilized regardless of their geographical location. "
ISS116,ISS 116: Support Agreement (MOU/MOA) Mgmt,19914598,8162689,11751909,8404833,11994657,-3589824,10617223,12739875,-2122652,9274300,8908968,365332,10029370,12998019,-2968649,12457761,7351424,5106337,14312058,12634363,1677695,14349247,11803332,2545915,8885736,7559636,1326100,14532094,10640488,3891606,14310413,9054385,5256028,13561742,12447543,1114199,1,58,69,57,34,14,34,16,24,46,48,41,33,16,20,15,58,66,4,24,53,6,31,51,49,59,46,7,36,59,3,53,70,11,25,42,1.439710492,-0.299285257,-0.166614822,0.041007219,-0.228392419,0.694605154,0.132788254,0.215694602,0.175418499,0.365735669,0.580495307,0.089511561,5.28,5.26,5.36,5.75,5.16,Moderate Impact,IMCOM,2.066772509,"(i.e. Provides the Garrison CDR and staff with tools necessary to author memorandums of understanding/agreements between the garrison and variety of customers). This program will negotiate, develop, and conclude a variety of high-emphasis agreements with Inter and Intra- agencies. This includes the reimbursable relationship required by DoD regulations. In coordination with the MACOM and/or Regional lead and legal advisor, this program will also negotiate, develop, and conclude agreements with a variety of customers. This includes a reimbursable relationship required by law. This program will conduct Triennial reviews of existing agreements, updating or terminating as necessary. This program provides oversight of mandatory Federal management controls programs. "
ISS118,ISS 118: Installation TDA Management,8230569,6118747,2111822,8935569,12250222,-3314653,10660371,13358362,-2697991,13649891,14642362,-992471,10749971,11138414,-388443,8183900,10759444,-2575544,6338677,11508425,-5169748,6476598,7009811,-533213,11217400,8885518,2331882,8331400,8338395,-6995,9080754,7325993,1754761,14875382,13635366,1240016,61,71,37,53,33,15,33,10,17,14,3,26,27,31,35,49,31,25,68,35,12,69,59,32,28,48,53,55,51,28,44,66,56,3,17,43,0.345139618,-0.270579015,-0.201970197,-0.067780799,-0.034874175,-0.239375194,-0.449214206,-0.076066673,0.262436247,-0.00083889,0.239525345,0.09094116,5.27,5.35,5.19,5.17,5.3,Moderate Impact,IMCOM,2.091130414,"(i.e. Provides the Garrison CDR and staff with tools necessary to manage their personnel and associated employees). This program provides manpower execution guidance/data analysis to the Garrison Commander, Garrison activities, and higher HQs. It also processes equipment requests for Garrison activities. This program provides analytical and advisory support to the Garrison Command Group. This program provides TDA Documentation/Command Plan input and processes equipment requests for Garrison activities. This program provides input to higher HQs to assist in the Identification and validation of civilian and military manpower requirements. "
ISS411,ISS 411: Facilities Maintenance - Vertical,18907277,12669608,6237669,8784791,8427952,356839,7234721,13184079,-5949358,9463502,10071877,-608375,9551096,12943314,-3392218,12594881,9147406,3447475,13340990,11511393,1829597,13892719,6381029,7511690,12572636,11856405,716231,10959884,9764680,1195204,7537772,13768922,-6231150,13257100,11875875,1381225,10,20,59,54,56,45,61,13,3,45,43,28,37,17,16,12,41,59,10,33,55,10,65,69,19,26,40,36,40,41,57,10,5,15,30,44,0.492333228,0.042339942,-0.451253212,-0.060403339,-0.262082647,0.376880069,0.158937932,1.177191014,0.060408783,0.122400734,-0.452551768,0.116305114,6.24,6.78,5.48,6.33,6.3,Moderate Impact,IMCOM,2.090589277,(i.e. Provides minor vertical facility repairs to infrastructure on the installation) Provides maintenance and repair activities necessary to keep an inventory of real property in good working order. Executed through Demand Maintenance orders (DMO) which are used for required minor repairs after a system or component fails. This includes the abatement and disposal of building hazardous waste from sustainment activities.
ISS403,ISS 403: Refuse Removal,19617008,13897426,5719582,9488377,12317240,-2828863,8225370,10902102,-2676732,12398932,12771754,-372822,13910603,14296038,-385435,14543305,11428216,3115089,10035830,11614066,-1578236,12361399,8616739,3744660,12118213,8008855,4109358,6064896,14185594,-8120698,6746638,10003752,-3257114,13799629,12396954,1402675,3,11,56,49,32,17,51,31,18,22,19,31,12,7,37,5,28,55,34,32,32,20,47,60,20,53,61,71,4,1,63,46,24,9,26,45,0.411556931,-0.229666955,-0.245524395,-0.029191135,-0.026960966,0.272578765,-0.135890049,0.434579717,0.51310181,-0.572460906,-0.325589239,0.113146746,6.11,6.91,5.87,5.42,6.03,Moderate Impact,IMCOM,2.229498807,"(i.e. Provides trash and recycling services to tenants on the installation). Integrated Solid Waste Management (ISWM) is a comprehensive approach to managing non-hazardous solid waste that encompasses green procurement, waste prevention, recycling, and disposal programs. Manage non-hazardous solid waste, construction and demolition waste, landfills, in accordance with Federal, state, host nation and local laws with the intent of providing a safe clean environment managed under a cost efficient, integrated and progressive program."
ISS406,ISS 406: Real Estate/Real Property Administration,11664806,6331200,5333606,7732298,10758427,-3026129,12553244,7730588,4822656,7770739,12818202,-5047463,13051501,11406367,1645134,10910163,14909467,-3999304,14210900,11935506,2275394,14847074,11323001,3524073,14644770,9328383,5316387,11512841,10425488,1087353,11509120,14197963,-2688843,12942816,11539436,1403380,42,69,52,59,43,16,18,55,62,64,18,4,17,28,47,26,1,13,5,30,57,3,32,57,7,45,68,32,37,36,16,4,30,16,31,46,0.842432082,-0.281279875,0.623840774,-0.393773089,0.144229447,-0.268239234,0.190640765,0.31123136,0.569915172,0.104297564,-0.189382308,0.121615996,5.52,5.83,5.22,5.5,5.52,Moderate Impact,IMCOM,2.359679287,"(i.e. Provides the Garrison CDR with the ability to account for all property on the installation) This program documents real property assets in compliance with CFO Act, DoDI 4165.14, 10 USC 2721, and other federal, state, and local, and laws. Provides status, cost, area, capacity, condition, use, and management of real property. This program researches, gathers, and analyzes real property information, prepares pertinent documents, and makes recommendations in response to statutory requirements. This program manages the process of granting termed use of Army property to other entities."
ISS404,ISS 404: Maintenance - Grounds,7001920,13041173,-6039253,10153084,14033987,-3880903,8208609,11577298,-3368689,14319595,10559982,3759613,8081990,12581570,-4499580,7007569,13419405,-6411836,12732114,13928552,-1196438,8808580,13699678,-4891098,11695944,7559008,4136936,9073733,14000221,-4926488,9657132,14708239,-5051107,14965919,13215752,1750167,71,16,4,46,11,12,52,27,13,5,37,62,52,19,12,62,11,4,13,10,35,53,13,8,25,60,63,48,5,8,36,3,9,2,21,47,-0.463091242,-0.276536026,-0.29097368,0.356024565,-0.357632632,-0.477803301,-0.085898233,-0.357022844,0.54728557,-0.351886445,-0.343420242,0.132430376,4.38,4.91,4.35,4.58,4.15,Low Impact,IMCOM,2.18745253,"(i.e. Provides the grounds improvement around the outside of infrastructure on the installation). This program provides improved grounds maintenance in the developed areas of the installation that requires intensive level of maintenance. This program provides semi improved maintenance in the areas of the installation used for operational and maintenance purposes. This program provides maintenance in the areas of the installation used for weapon ranges, road shoulders in undeveloped areas, grazing lands, lakes, ponds, and wetlands. "
ISS500,ISS 500: Electrical Services,12419835,10556913,1862922,13127252,11812240,1315012,6261382,7330961,-1069579,11131748,12913487,-1781739,7401786,6697804,703982,7378150,11596493,-4218343,8299210,7211272,1087938,7594767,13282667,-5687900,13432744,7836152,5596592,10959946,8430916,2529030,6692293,11853580,-5161287,8330768,6409437,1921331,36,39,36,18,36,51,70,58,31,33,16,18,58,66,42,57,27,11,48,63,48,60,20,7,13,56,69,35,50,52,64,29,7,54,66,48,0.176464654,0.111326218,-0.14589888,-0.137975049,0.10510639,-0.363760233,0.15086631,-0.428219724,0.714201562,0.299970964,-0.435420101,0.299765954,7.59,7.65,7.87,7.58,7.46,High Impact,IMCOM,2.031163,"(i.e. Provides funding for the operation and maintenance of the electrical/lighting infrastructure on the installation). Provides electricity for lighting, power, ventilation, heating, cooling, and building equipment using government-owned plants and distribution system components. Includes all in-house and contract (service contract and commercial activities contract) costs to operate the plants and distribution system components. Provides electricity for lighting, power, ventilation, heating and cooling, and building equipment via a Utilities Privatization contract."
ISS600,ISS 600: Physical Security,16996901,11992325,5004576,11221917,8168014,3053903,14180728,10764275,3416453,8211143,8249990,-38847,8615558,11482403,-2866845,7572681,10531477,-2958796,8182711,11689115,-3506404,12528970,12371707,157263,13888170,11731563,2156607,6227140,12699094,-6471954,12336264,9175471,3160793,14411070,12315181,2095889,16,24,50,35,58,57,9,34,54,60,56,35,47,27,22,54,33,22,50,31,20,17,24,37,11,28,52,70,13,3,11,52,65,5,28,49,0.417314908,0.373885623,0.317388119,-0.004708733,-0.249672913,-0.280947867,-0.299971726,0.012711504,0.183829469,-0.509639034,0.344482915,0.17018743,8,8.48,7.83,9,7.69,High Impact,IMCOM,2.32160085,"(i.e. Provides the installation with access control at the installation gates which supports unit physical security). Provides administration and operation of access control points, visitor control center, and access control equipment. Access control is designed to restrict and/or control entrance to property and/or installations to only those authorized persons. Provides a mechanism to screen, identify and prevent access to personnel deemed a threat to the installation. Provides for maintaining required intrusion detection alarm systems, PS infrastructure, and electronic equipment, as required by regulation or risk analysis to protect personnel, HRP, MEVA, and HRT. Eliminates the need for posting 24/7 armed security personnel/soldiers at installation facilities containing AA&E, sensitive or classified material."
ISS420,ISS 420: Facilities Maintenance - Horizontal,18101430,6408516,11692914,6206543,6850626,-644083,6376411,8960832,-2584421,9176131,8262445,913686,8212921,10477935,-2265014,12815407,12633658,181749,13305556,6067443,7238113,13439972,14178842,-738870,6789087,13311877,-6522790,8048017,6424181,1623836,8071401,11267054,-3195653,8443983,6121872,2322111,13,68,67,67,66,34,69,46,20,49,55,47,51,35,28,9,19,35,11,71,70,11,7,30,64,12,4,58,68,48,53,35,26,53,71,50,1.824589967,-0.094018123,-0.288413063,0.110583005,-0.216169885,0.014386095,1.192942892,-0.052110744,-0.489997767,0.252769341,-0.283628089,0.379313877,6.25,6.78,5.43,6.58,6.28,Moderate Impact,IMCOM,2.103868804,(i.e. Provides minor horizontal facility repairs to infrastructure on the installation) Provides maintenance and repair activities necessary to keep an inventory of real property in good working order. Executed through Demand Maintenance orders (DMO) which are used for required minor repairs after a system or component fails. This includes the abatement and disposal of building hazardous waste from sustainment activities.
ISS301,ISS 301: Retail Supply,9399664,11974059,-2574395,11919472,14715192,-2795720,11572083,14185674,-2613591,8874651,13629717,-4755066,9198564,9200544,-1980,12026812,7660338,4366474,9586248,12456514,-2870266,7468777,11943249,-4474472,13256084,9601480,3654604,14620652,10054163,4566489,6532978,12160479,-5627501,12220849,9862920,2357929,54,25,13,31,4,18,30,4,19,53,9,7,42,45,41,17,55,64,38,26,24,62,27,10,15,42,58,4,38,63,66,27,6,20,46,51,-0.214997688,-0.189988687,-0.184241581,-0.348874889,-0.000215205,0.570010618,-0.230422894,-0.374644454,0.380629236,0.454188877,-0.462769682,0.239070073,6.58,7.39,6.04,5.5,6.7,Moderately High Impact,AMC,2.347307136,"Retail Supply – operate the installation SSA;  request, receive, store, issue, ship materiel.
"
ISS701,ISS 701: Communication Systems and System Support,15545285,11160721,4384564,10987734,13580237,-2592503,10676881,6449859,4227022,9891423,8141221,1750202,8285043,11535459,-3250416,7575982,8528356,-952374,12002015,8933384,3068631,6648217,7645696,-997479,13048023,9017184,4030839,7109902,6100223,1009679,10518958,9990970,527988,10230522,7868496,2362026,22,32,48,36,17,20,32,66,59,42,59,53,49,26,18,53,44,29,19,54,60,68,56,27,16,47,60,62,71,35,24,47,50,44,56,52,0.392856698,-0.190902633,0.655366575,0.214980284,-0.281776044,-0.111671464,0.343501522,-0.130462812,0.447017495,0.165515097,0.05284652,0.300187736,8.42,9.04,8.52,8.73,8.08,High Impact,NETCOM,1.801528643,"Provides Army NIPR and SIPR email, enabling users to access their Army email from anywhere in DoD, and collaborate with any Army user worldwide via a Global Address List and enterprise calendar sharing.  Provides the AESD system which provides full lifecycle support for escalation and tracking of incidents and problems at the various Tier levels and situational awareness to IT service delivery issues and efficiencies."
ISS503,ISS 503: Waste Water Services,18492347,6770680,11721667,13736301,13950548,-214247,11975783,13193258,-1217475,10375453,11490756,-1115303,6330521,8824236,-2493715,11037712,12975403,-1937691,11097470,11131181,-33711,6241225,8031043,-1789818,7277851,8405565,-1127714,12405859,12601216,-195357,13689021,13458157,230864,11122903,8515396,2607507,12,65,68,10,15,40,23,12,30,39,31,25,65,49,25,24,14,27,27,38,41,70,50,22,60,51,25,26,14,27,5,15,46,29,53,53,1.731239255,-0.015357605,-0.092280087,-0.09706089,-0.282598403,-0.149335708,-0.00302852,-0.22286246,-0.134162784,-0.015503028,0.017154206,0.306210891,7.99,8.48,7.57,7.83,8,High Impact,IMCOM,1.941935948,"(i.e. Provides funding for the operation and maintenance of the waste water facility infrastructure on the installation) Provides domestic and industrial waste water treatment services using Government-owned plants and collection systems. Includes all in-house and contract (service contract and commercial activities contract) costs to operate the plants and collection systems. Provides domestic and industrial waste water treatment services via a Utilities Privatization contract. Includes all utilities privatization contract costs to operate, maintain, repair and recapitalize the plants and collection systems."
ISS302,ISS 302: Asset Management,13899962,11289907,2610055,9888430,10595625,-707195,7721371,6828750,892621,11062785,14334470,-3271685,6379415,6982665,-603250,14694829,13710886,983943,7036940,13921927,-6884987,14329852,11178725,3151127,13887244,13785361,101883,14363402,7371272,6992130,12336418,8174311,4162107,12278880,9278020,3000860,26,30,40,48,46,33,58,63,39,34,5,9,64,63,33,4,9,44,61,11,3,7,33,56,12,7,33,8,59,67,10,58,69,18,51,54,0.23118481,-0.066744057,0.130715138,-0.228238993,-0.086392516,0.071763634,-0.494542674,0.281886083,0.007390666,0.948564915,0.509169152,0.323437544,6.65,7,6.17,6.42,6.75,Moderately High Impact,AMC,2.244979991,"Provides management and oversight of the installation's Logistic and Readiness Centers (LRCs) which support unit training (TRADOC only), MOB/DEMOB operations (Mobilization sites); coordinate reporting, metric tracking, equipment life cycle management requirements.   Coordinate Government Purchase Card (GPC) travel card services.  Provides management and oversight of LRC safety, personnel, environmental, security, and facilities. "
ISS307,ISS 307: Transportation Services - NTVs,10681241,7996147,2685094,11839880,13984283,-2144403,6977152,6601232,375920,10401783,12653008,-2251225,14011100,9881349,4129751,7989124,7695526,293598,6981328,12974328,-5993000,12983906,12084796,899110,14653671,11645309,3008362,10391912,13484724,-3092812,10432295,7773821,2658474,9642335,6625079,3017256,47,59,41,33,13,22,63,65,38,38,21,14,11,39,60,50,54,36,62,19,7,14,25,41,6,29,55,39,9,12,25,61,60,47,65,55,0.335798479,-0.153343793,0.056946946,-0.177920144,0.417933928,0.038151778,-0.46191217,0.074400097,0.258332518,-0.229356715,0.341977774,0.455429437,6.23,6.65,6.48,5.42,6.13,Moderate Impact,AMC,2.307220242,"Manages and provides non-tactical vehicles (NTVs) to include Life, Health, Security, and GSA fleets.  Provides transportation motor pool (TMP) operations; dispatch, service records, utilization monitoring.  Provides testing and licensing for government employee and service member operations for NTVS.  Provides the installation shuttle bus service."
ISS501,ISS 501: Heating/Cooling Services,12197127,6839942,5357185,13154007,13366837,-212830,14476083,8602302,5873781,8283059,11528442,-3245383,7915980,10337667,-2421687,6242929,10514415,-4271486,10855101,10971273,-116172,11859343,12592822,-733479,9278498,8677033,601465,12585031,9665939,2919092,9115631,11468785,-2353154,9374344,6352848,3021496,38,64,53,17,22,41,6,51,67,58,29,10,53,37,26,69,34,10,30,42,39,26,22,31,45,49,38,24,41,53,43,34,32,49,67,56,0.783220823,-0.015922241,0.682815019,-0.28151098,-0.234258561,-0.406250467,-0.010588744,-0.058245801,0.069316897,0.301997768,-0.205179014,0.475612828,7.55,7.35,7.57,7.33,7.67,High Impact,IMCOM,2.053098027,"(i.e. Provides funding for the operation and maintenance of the heating/cooling infrastructure on the installation) Provides steam, hot water, and chilled water for heating, cooling, domestic hot water, and/or facility processes using government-owned central heating/cooling plants and distribution systems. Includes all in-house and contract (service contract and commercial activities contract) costs to operate the plants and distribution systems. Provides steam, hot water, and chilled water for heating, cooling, domestic hot water, and/or facility processes via a Utilities Privatization contract. Includes all utilities privatization contract costs to operate, maintain, repair and recapitalize the plants and distribution systems."
ISS109,ISS 109: Equal Employment Opportunity (EEO),16598534,14466591,2131943,13999730,7903722,6096008,12385927,8687358,3698569,14023749,10907539,3116210,9307325,13410845,-4103520,12542258,6162820,6379438,7163313,10345685,-3182372,7469371,13289613,-5820242,14678586,11371031,3307555,7243899,13840466,-6596567,8163792,7617307,546485,10669420,7601155,3068265,17,6,38,6,60,67,21,50,56,9,35,61,41,14,14,13,71,69,59,44,22,61,19,6,5,30,57,61,6,2,51,63,51,36,58,57,0.147370103,0.7712832,0.42574152,0.285693226,-0.305985193,1.035149169,-0.307603798,-0.437954213,0.290875559,-0.476614516,0.071742546,0.403657734,4.79,4.57,4.57,3.75,5.16,Low Impact,IMCOM,2.45251151,"(i.e. Provides commanders with EEO advice, training and support to help prevent discriminatory actions in the workplace). Process EEO Complaints of discrimination in accordance with AR 690-600 and other applicable directives and provide required reports.  EEO Program officials advise and provide appropriate assistance to managers/supervisors a bout the status of EEO program within each manager's area of responsibility.  Direct, monitor and implement employment related, career development actions for individuals with disabilities and provide required reports. Monitor and track reasonable accommodation requests.  This SSP requires that the Commander make early efforts to prevent discriminatory actions and eliminate barriers to equal employment opportunity in the workplace. This is accomplished by proactive measures such as training and education."
ISS200,ISS 200: UEPH/SEBQ/UOQ Management,12485066,7646290,4838776,8698688,9301046,-602358,14235270,9280625,4954645,6719752,7023274,-303522,8744615,11802048,-3057433,7189995,6330491,859504,9157287,11496892,-2339605,10220958,13507744,-3286786,12047615,10231738,1815877,13916240,11614196,2302044,6156051,7351046,-1194995,13264934,10182910,3082024,34,60,49,56,53,35,8,42,63,68,66,32,45,25,19,58,66,43,42,36,28,42,17,14,23,37,51,11,28,51,70,65,37,14,41,58,0.632826639,-0.064762393,0.533869756,-0.043216597,-0.259059529,0.135772091,-0.203498911,-0.243326051,0.177474931,0.198209502,-0.162561219,0.30266633,6.12,6.52,5.57,6.25,6.15,Moderate Impact,IMCOM,2.287720814,"(i.e. Provides planning for the housing of unaccompanied enlisted personnel housing (UEPH)) This program implements policies for eligibility, assignment, and occupancy of UPH. This program provides input to planning, programming, budgeting and execution for Permanent Party barracks with regard to UPH. This program plans and executes the UH furnishings management program. "
ISS703,ISS 703: Information Assurance,7665132,10423060,-2757928,6033722,13424197,-7390475,14380406,10107952,4272454,7291510,12286089,-4994579,14610665,9505671,5104994,10630205,8683620,1946585,12009232,8285614,3723618,12708760,14662673,-1953913,9063220,14657636,-5594416,12346552,11158619,1187933,12321296,13208911,-887615,9228055,6136051,3092004,66,40,11,71,20,4,7,38,60,66,23,6,4,41,63,30,42,51,18,55,63,16,4,21,48,2,6,27,32,40,12,18,38,51,70,59,-0.264598688,-0.550533861,0.422682458,-0.406523101,0.537047201,0.224167456,0.449407612,-0.133257626,-0.381672461,0.106458783,-0.067198197,0.503907807,7.97,8.83,7.39,8.27,7.82,High Impact,NETCOM,1.724376641,"Provides the processes and infrastructure required to ensure authentication, confidentiality, availability, data integrity, and non-repudiation of messages and information exchange on the network communication infrastructure.  Provides assured data, information and system integrity through the use of defense in depth processes and capabilities.  Provides all aspects of communication security (COMSEC) support to the installation."
ISS308,ISS 308: Transportation Services - Personal Property,8693405,11055421,-2362016,10678470,14884469,-4205999,11754915,7394644,4360271,12094398,7196698,4897700,10118185,7831041,2287144,10355117,10028243,326874,14451055,14054609,396446,10004191,8996698,1007493,9740947,11003829,-1262882,12860954,6880440,5980514,11905678,11097647,808031,10568326,7121383,3446943,59,35,14,40,2,10,28,57,61,26,64,68,30,56,50,33,37,38,3,9,44,45,43,42,38,32,23,22,65,66,13,36,53,37,61,60,-0.213652289,-0.282576355,0.589652592,0.680548218,0.292061298,0.032595341,0.028207544,0.111984753,-0.114767505,0.869205167,0.07281102,0.48402719,6.28,6.57,6.35,6.17,6.17,Moderately High Impact,AMC,2.127900105,"Provides personal property counseling; manages personal property shipments, storage and payment.  Provides privately owned vehicle storage for unit deployment; passport and visa application services; manages the oversight of the commercial travel office."
ISS105,ISS 105: Claims,12141691,14852351,-2710660,10529563,6867664,3661899,14537031,12535792,2001239,11746766,8958836,2787930,8839026,6270456,2568570,11151550,7838872,3312678,9147176,6945870,2201306,12919252,8835212,4084040,8799662,6228405,2571257,11078165,8066173,3011992,8216224,10317234,-2101010,14116459,10441222,3675237,39,2,12,44,65,59,5,19,46,28,47,58,44,68,52,21,52,56,43,66,56,15,46,61,50,70,54,34,53,54,50,43,33,7,39,61,-0.182507133,0.533208817,0.159642007,0.311193329,0.409630496,0.422596261,0.316923006,0.462245841,0.412827522,0.37341029,-0.203640821,0.351992995,5.45,5.39,5.22,5.5,5.56,Moderate Impact,IMCOM,2.015818373,"(i.e. Provides Soldiers with an on-post service to conduct claims related to damages caused when personal property is damaged during a PCS).  A program to provide support to Soldiers and civilian employees who suffer loss and damage to their personal property incident to service, including loss or damage suffered during their household goods shipment, and non-shipment incident to service loss or damage, and also to support the DP3 Program.  A program to promptly investigate and adjudicate existing and potential tort claims against the Army and Department of Defense to identify and limit agency and United States Government liability and monetary damages as well as preserve evidence required for future litigation. A program to recover from tortfeasors and third party payers costs of medical care, lost military pay, and property damage caused by third parties. "
ISS107,ISS 107: Public Affairs,17084693,8239660,8845033,14296978,7319635,6977343,14731500,13133574,1597926,14125441,14726639,-601198,8284008,14549841,-6265833,11436272,7459037,3977235,7215572,14745307,-7529735,9655546,13866095,-4210549,8216438,7311371,905067,8262536,8458645,-196109,9547497,9024082,523415,13552531,9809147,3743384,15,57,63,4,61,70,2,14,45,7,2,29,50,5,7,20,57,63,57,3,2,47,12,11,53,61,42,56,49,26,37,54,49,13,47,62,1.073470629,0.953236466,0.121667263,-0.040823843,-0.430646149,0.533210252,-0.510652983,-0.303657879,0.123788958,-0.023184446,0.058002022,0.381621766,4.13,3.65,4.57,3.75,4.21,Low Impact,IMCOM,2.149318465,"(i.e. Provides support to Commanders and Soldiers on all public affair related activity within the unit to include a variety of digital/audio/photo support) This business process leads to the development and execution of communication planning efforts and provides PA advice and policy support to the command, staff, and supported organizations /commands.  This business process provides, prepares for, manages and coordinates the online sharing and exchange of digital text, audio, photos and videos using internet and social media platforms to proactively provide information, receive feedback, and engage in effective interactive communication with a variety of internal and external audiences. "
ISS502,ISS 502: Water Services,19374690,6652689,12722001,8715949,12537420,-3821471,8890987,7518571,1372416,12063873,8025957,4037916,6069969,9353461,-3283492,7413912,11624202,-4210290,6744913,9115699,-2370786,10581486,13938122,-3356636,12106329,13162594,-1056265,7955912,7900316,55596,7804048,9713626,-1909578,10553237,6671754,3881483,6,67,71,55,30,13,46,56,42,27,61,64,68,44,17,56,26,12,66,52,26,37,11,13,21,13,27,59,56,29,54,49,35,38,64,63,1.912309594,-0.304805215,0.182536815,0.503107106,-0.351045672,-0.362200347,-0.260077258,-0.240824123,-0.08024748,0.007037187,-0.196587556,0.581778495,8.08,8.13,7.96,7.83,8.15,High Impact,IMCOM,1.936096299,"(i.e. Provides funding for the operation and maintenance of the water facility infrastructure on the installation). Provides operation for potable and non-potable water uses for domestic and industrial purposes using Government-owned water systems including plants and distribution. Includes all in-house and contract (service contract and commercial activities contract) costs to operate the plants and distribution systems. Provides water for potable and non-potable uses for domestic and industrial purposes via a Utilities Privatization contract. Includes all utilities privatization contract costs to operate, maintain, repair and recapitalize the plants and distribution systems."
ISS252,"ISS 252: Child, Youth, and School Services",15977407,12864164,3113243,10573476,10921774,-348298,7860494,13580572,-5720078,10465715,8792981,1672734,6319848,12344842,-6024994,9282180,12988300,-3706120,12165583,13680196,-1514613,12100038,11059203,1040835,14929847,6357723,8572124,13155602,11984671,1170931,13115730,10473031,2642699,10290763,6291923,3998840,20,18,43,43,42,38,56,8,5,36,51,52,66,22,8,41,13,16,17,14,33,22,35,43,3,67,71,18,21,38,8,40,59,41,69,64,0.242008964,-0.031890241,-0.421195661,0.190235143,-0.488057603,-0.285342963,-0.110715738,0.094114829,1.348300956,0.09770239,0.252333732,0.635551325,7.48,7.65,7.09,8,7.46,High Impact,IMCOM,2.239282344,"(i.e. Provide Soldiers with child care and youth programs on post). Support the All-Volunteer Force by reducing the conflict between mission and parental responsibilities regardless of duty station. Child Care an youth Program Spaces for eligible children 6 weeks to 18 years of age are provided through an integrated delivery system of facility based, home-based and outreach services delivered both on and off post. Program quality and quantity is ensured by meeting statutory requirements, DoD policy and Army standards, enforced by mandatory internal annual inspections ( DoD Certifications) and external validation (National Accreditation). The mission of the Army CYSS Youth Program is to support the resilience, well-being, readiness and retention of Army Families by reducing the conflict between military mission requirements. "
ISS601,ISS 601: Law Enforcement Services,8063030,8995743,-932713,7264352,6614854,649498,6955832,12875438,-5919606,10610741,9390213,1220528,11892430,11091543,800887,8712936,8179005,533931,10412335,9790212,622123,6887075,14003329,-7116254,6215467,10724878,-4509411,13224402,11782090,1442312,8727550,13307490,-4579940,14028646,10002333,4026313,63,51,20,63,67,46,64,15,4,35,45,49,22,33,43,45,47,39,32,46,46,66,10,1,70,33,8,17,24,43,47,16,12,8,44,65,-0.10368382,0.098187806,-0.459759583,0.129978734,0.072206996,0.065280679,0.063545406,-0.508183018,-0.420462685,0.122415633,-0.344162573,0.402537388,8.01,8.65,7.78,9,7.66,High Impact,IMCOM,2.268038047,(i.e. Provides the installation with law enforcement personnel to support rule of law and physical security). Provides for the maintenance of the safety and security of Army installations (and Joint Bases) and its members through police patrol and response operations. Provides for the resourcing and management of law enforcement emergency dispatch services. Provides for the ability to conduct specialized LE investigations of misdemeanor crimes and serious traffic accidents which occur on Army installations (and Joint Bases). Provides for the resourcing and management of maintaining installation police records and reports.
ISS702,ISS 702: Multimedia/Visual Information Processes,12877845,14117865,-1240020,13295609,7995954,5299655,6159869,10508758,-4348889,8485021,9084359,-599338,9409527,11918682,-2509155,10644182,6877480,3766702,8823796,10508402,-1684606,8816776,8990681,-173905,14189560,6391855,7797705,13747984,10716719,3031265,10217201,10487170,-269969,11759321,7184056,4575265,31,9,19,15,59,65,71,35,10,55,46,30,39,24,24,29,63,62,46,43,31,52,44,33,9,66,70,12,34,55,30,39,43,25,60,66,-0.087833394,0.662792082,-0.413834727,-0.065974715,-0.210522858,0.547686362,-0.160310388,-0.019342806,1.219943976,0.282853829,-0.025742789,0.636863772,4.38,4.74,4.26,4.67,4.23,Low Impact,IMCOM,2.074835491,"(i.e. Provides units with local audio/video/photography/media equipment and services). Provide all types of Photography Services, Graphics Arts Services, and all types of Multimedia Services.  Provides Command Channel and closed circuit TV (CCTV) Services; provide local audio/video productions. Provide public address system / presentation support for official functions (set up, operations, and tear down). Provide various VI Media / Equipment Support Services."
ISS306,ISS 306: Material Support Maintenance,12565349,10357917,2207432,12614067,7144686,5469381,9876931,13393361,-3516430,14557013,14320037,236976,6035576,13822244,-7786668,6514906,14000499,-7485593,7963367,7410346,553021,11580810,14008281,-2427471,10548120,6286466,4261654,8878136,7355475,1522661,6157690,6025100,132590,14385159,9753753,4631406,32,41,39,21,62,66,40,9,12,2,6,38,69,11,2,65,7,3,53,60,45,31,9,19,33,68,66,52,60,45,69,71,44,6,48,67,0.213115436,0.765517337,-0.262550229,0.016548561,-0.56334326,-0.534666157,0.074628229,-0.173288286,0.677909337,0.20701056,0.022006274,0.474833226,7.44,7.65,7.48,6,7.63,High Impact,AMC,2.13053652,"Provide maintenance support for tactical materiel, night vision and optics, armament (fire control and weapons), power generation equipment, recovery equipment, communication equipment, fire suppression, battery and hydraulic equipment.  "
ISS115,ISS 115: Program Budget,7470666,14537143,-7066477,6265551,13471720,-7206169,11933138,6332588,5600550,9188930,14285683,-5096753,7301375,13908104,-6606729,6958444,14537545,-7579101,11758463,7911302,3847161,10340436,9277614,1062822,7016975,13759207,-6742232,10061857,11671235,-1609378,10310389,14122099,-3811710,14967263,10150661,4816602,67,4,1,65,19,6,25,68,65,48,7,3,59,9,5,63,4,2,20,57,64,39,41,44,62,8,3,44,26,19,27,5,14,1,42,68,-0.486098059,-0.534910835,0.884401449,-0.356773491,-0.475027293,-0.521346692,0.486286707,0.114557687,-0.490016031,-0.137892691,-0.26991101,0.474511167,6.39,6.61,5.86,5.08,6.75,Moderately High Impact,IMCOM,2.393130833,"(i.e. Provides the Garrison CDR and staff with tools to program their annual budget).  This program is the statutory and regulatory defined management of appropriated funds. This program tracks and executes current/prior year annual funding and the reimbursable program. Mid-year review. This program provides liaison and assistance to Garrison Commander, staff, and external agencies. This program identifies budget requirements and anticipated funding for next year's annual funding. "
ISS103,ISS 103: Criminal Law and Discipline,12530501,8862423,3668078,6038916,14018843,-7979927,6753055,12702984,-5949929,6910033,8502406,-1592373,12840117,7710432,5129685,10925813,9221377,1704436,10549421,10980726,-431305,12342665,6021654,6321011,9353615,10569205,-1215590,13381238,9014636,4366602,14394943,7761555,6633388,11928500,6300796,5627704,33,54,44,70,12,2,66,17,2,67,54,21,19,57,64,25,40,48,31,41,37,21,70,65,44,35,24,16,45,62,2,62,71,22,68,69,0.4138911,-0.569228645,-0.468388294,-0.187284987,0.665291517,0.184835302,-0.039278368,1.049713418,-0.115012435,0.484390274,0.854646781,0.893173497,6.7,6.57,6.48,6.25,6.92,Moderately High Impact,IMCOM,1.968198961,"(i.e. Provides Soldiers with legal advise and services associated with criminal law and UCMJ). A program to provide legal advice in accordance with law and regulations.  A program to provide legal advice in accordance with law and regulations.  Post Trial Processing, Quality Control Management & Systems. Technical advice/expertise, and oversight performed by a Legal Administrator, United States Army Warrant Officer.  Program manages and administers all facets of commander's military justice program IAW legal statutes and Army regulations.  A program of victim and witness assistance in compliance with legal statutes and Army regulations. A program to prosecute violations of Federal law committed on Army installations, or violations that involve Army interest or property."
ISS902,ISS 902: Command and Control,9288195,10665276,-1377081,13909844,6430446,7479398,9377815,12643410,-3265595,9076022,6190335,2885687,10069862,7246891,2822971,8955456,7029863,1925593,7872654,12443677,-4571023,10613256,14469981,-3856725,6890313,7663639,-773326,6699579,8525695,-1826116,13422637,10469812,2952825,13737915,7426090,6311825,56,38,18,8,70,71,42,18,14,50,71,59,32,60,53,44,60,50,55,27,13,35,5,12,63,57,29,65,48,17,7,41,64,10,59,70,-0.129118178,1.163122745,-0.258284355,0.46616007,0.389542357,0.273916149,-0.367337002,-0.266532831,-0.100908459,-0.214189694,0.282032285,0.849952667,7.29,7.78,7.17,6.25,7.36,Moderately High Impact,IMCOM,2.326534271,"Coordinate and synchronize daily operations across all USAG Directorates, Support Offices, tenants, partner organizations and off-post agencies (off-post agencies such as Federal, State, County, City entities as required). Develop and maintain weekly USAG Master Activities and Long Range training calendars. Plan and execute quality ceremonies and events. Ensure the installation maintains 24/7/365 day capability for situational awareness (SA) and Common Operating Picture (COP) of critical information and events, allowing the Senior Commander and the Garrison Cdr to make informed and timely decisions, and provides an expandable base of operations (Emergency Operations Center [EOC activation]) to execute the Anti- Terrorism/Force Protection and All Hazards Response Plan Contingency Operations (real world or exercise) and ARFORGEN."
ISS309,ISS 309: Supply and Storage,11981438,11135994,845444,6346889,12420799,-6073910,13163362,7284818,5878544,14699069,13820152,878917,6615792,8147795,-1532003,6379302,10328022,-3948720,6636378,9559343,-2922965,8057943,7948963,108980,11094048,6935200,4158848,10171394,12121135,-1949741,6501605,6968776,-467171,13558904,6818854,6740050,40,33,28,64,31,9,14,59,68,1,8,46,63,53,29,67,35,14,67,48,23,58,52,36,30,62,64,41,18,16,67,67,41,12,63,71,0.07591994,-0.489011214,0.806958252,0.063596768,-0.188026699,-0.382330712,-0.305770491,0.013709964,0.599672396,-0.160854656,-0.067037741,0.988443219,6.92,6.96,6.91,5.75,7.15,Moderately High Impact,AMC,2.108820627,"Operates the installation SSA; request, receive, store, issue, ship materiel.  Manage bulk POL operations.  Asset management/property book - account for and assign  responsibility for installation property.  Provide core Ammunition Supply and Amnesty Service (operate the Ammunition Supply Point (ASP)."
